Source,Target,Method,Level,Argument,Form,ItemName,AltItemName
61,186,19,,221,-1,King's Rock,Roca del Rey
61,186,20,,221,-1,King's Rock,Roca del Rey
64,65,Level,37,,-1,,
75,76,Level,37,,-1,,
67,68,Level,37,,-1,,
79,199,UsedItem,,84,-1,Water Stone,Piedra Agua
93,94,Level,37,,-1,,
95,208,19,,233,-1,Metal Coat,Revestimiento metálico
95,208,20,,233,-1,Metal Coat,Revestimiento metálico
112,464,19,,321,-1,Protector,Protector
112,464,20,,321,-1,Protector,Protector
117,230,19,,235,-1,Dragon Scale,Escama dragón
117,230,20,,235,-1,Dragon Scale,Escama dragón
123,212,19,,233,-1,Metal Coat,Revestimiento metálico
123,212,20,,233,-1,Metal Coat,Revestimiento metálico
125,466,19,,322,-1,Electirizer,Electrizador
125,466,20,,322,-1,Electirizer,Electrizador
126,467,19,,323,-1,Magmarizer,Magmatizador
126,467,20,,323,-1,Magmarizer,Magmatizador
137,233,19,,252,-1,Up-Grade,Mejora
137,233,20,,252,-1,Up-Grade,Mejora
233,474,19,,324,-1,Dubious Disc,Disco extraño
233,474,20,,324,-1,Dubious Disc,Disco extraño
349,350,19,,537,-1,Prism Scale,Escama bella
349,350,20,,537,-1,Prism Scale,Escama bella
356,477,19,,325,-1,Reaper Cloth,Tela terrible
356,477,20,,325,-1,Reaper Cloth,Tela terrible
366,367,19,,226,-1,Deep Sea Tooth,Diente marino
366,367,20,,226,-1,Deep Sea Tooth,Diente marino
366,368,19,,227,-1,Deep Sea Scale,Escama marina
366,368,20,,227,-1,Deep Sea Scale,Escama marina
525,526,Level,37,,-1,,
533,534,Level,37,,-1,,
588,589,Level,35,,-1,,
616,617,Level,35,,-1,,
458,226,Level,35,,-1,,
682,683,19,,647,-1,Sachet,Saquito fragante
682,683,20,,647,-1,Sachet,Saquito fragante
684,685,19,,646,-1,Whipped Dream,Dulce de nata
684,685,20,,646,-1,Whipped Dream,Dulce de nata
708,709,Level,37,,-1,,
710,711,Level,37,,-1,,
75,76,Level,37,,1,,
108,463,Level,33,,-1,,
114,465,Level,38,,-1,,
190,424,Level,32,,-1,,
193,469,Level,33,,-1,,
221,473,Level,45,,-1,,
438,185,Level,15,,-1,,
439,122,Level,15,,-1,,
762,763,Level,29,,-1,,
686,687,Level,25,,-1,,
82,462,Level,35,,-1,,
737,738,Level,35,,-1,,
299,476,Level,35,,-1,,
739,740,Level,35,,-1,,
